Workbook

Sheet KPIs
A1: KPI | B1: Value | F1: n
A2: DAU (average players per day) | B2: =AVERAGE(Daily!C2:C366) -> 0.87945205 | F2: =COUNT(Daily!C2:C366) -> 365
A3: MAU (average players per month) | B3: =AVERAGE(Monthly!C2:C13) -> 9.3333333 | F3: =COUNT(Monthly!C2:C13) -> 12
A4: Stickiness (DAU / MAU) | B4: =AVERAGE(Monthly!E2:E13) -> 0.10378745 | F4: =COUNT(Monthly!E2:E13) -> 12
A5: D1 retention | B5: =SUMIFS(Users!K2:K101,Users!G2:G101,"<="&(DATE(2022,12,31)-1))/F5 -> 0.71 | F5: =COUNTIF(Users!G2:G101,"<="&(DATE(2022,12,31)-1)) -> 100
A6: D3 retention | B6: =SUMIFS(Users!L2:L101,Users!G2:G101,"<="&(DATE(2022,12,31)-3))/F6 -> 0.26 | F6: =COUNTIF(Users!G2:G101,"<="&(DATE(2022,12,31)-3)) -> 100
A7: D7 retention | B7: =SUMIFS(Users!M2:M101,Users!G2:G101,"<="&(DATE(2022,12,31)-7))/F7 -> 0.082474227 | F7: =COUNTIF(Users!G2:G101,"<="&(DATE(2022,12,31)-7)) -> 97
A8: Total revenue (EUR) | B8: =SUM(Users!I2:I101) -> 429.82 | F8: =COUNT(Users!I2:I101) -> 100
A9: ARPU (EUR) | B9: =AVERAGE(Users!I2:I101) -> 4.2982 | F9: =COUNT(Users!I2:I101) -> 100
A10: ARPPU (EUR) | B10: {=AVERAGE(_xlfn._xlws.FILTER(Users!I2:I101,Users!I2:I101>0))} -> 8.5964 | F10: =COUNTIF(Users!I2:I101,">0") -> 50
A11: Paying players | B11: =AVERAGE(Users!J2:J101) -> 0.5 | F11: =COUNT(Users!J2:J101) -> 100
A12: Sessions per player | B12: =AVERAGE(Users!H2:H101) -> 11.84 | F12: =COUNT(Users!H2:H101) -> 100
A13: Sessions per day | B13: =AVERAGE(Daily!D2:D366) -> 3.2438356 | F13: =COUNT(Daily!D2:D366) -> 365
A14: Session length (min) | B14: =AVERAGE(Sessions!G2:G1185) -> 8.877942 | F14: =COUNT(Sessions!G2:G1185) -> 1184

Sheet Monthly
A1: Month | B1: Name | C1: MAU | D1: Average DAU | E1: Stickiness | F1: Revenue | G1: ARPU
A2: 1 | B2: Jan | C2: =SUMIFS(Sessions!$I:$I,Sessions!$F:$F,A2) -> 9 | D2: =AVERAGEIF(Daily!$B:$B,A2,Daily!$C:$C) -> 0.4516129 | E2: =IF(C2>0,D2/C2,0) -> 0.050179211 | F2: =SUMIFS(Purchases!$E:$E,Purchases!$G:$G,A2) -> 3.98 | G2: =IF(C2>0,F2/C2,0) -> 0.44222222
A3: 2 | B3: Feb | C3: =SUMIFS(Sessions!$I:$I,Sessions!$F:$F,A3) -> 11 | D3: =AVERAGEIF(Daily!$B:$B,A3,Daily!$C:$C) -> 0.5 | E3: =IF(C3>0,D3/C3,0) -> 0.045454545 | F3: =SUMIFS(Purchases!$E:$E,Purchases!$G:$G,A3) -> 2.99 | G3: =IF(C3>0,F3/C3,0) -> 0.27181818
A4: 3 | B4: Mar | C4: =SUMIFS(Sessions!$I:$I,Sessions!$F:$F,A4) -> 8 | D4: =AVERAGEIF(Daily!$B:$B,A4,Daily!$C:$C) -> 0.38709677 | E4: =IF(C4>0,D4/C4,0) -> 0.048387097 | F4: =SUMIFS(Purchases!$E:$E,Purchases!$G:$G,A4) -> 12.97 | G4: =IF(C4>0,F4/C4,0) -> 1.62125
A5: 4 | B5: Apr | C5: =SUMIFS(Sessions!$I:$I,Sessions!$F:$F,A5) -> 10 | D5: =AVERAGEIF(Daily!$B:$B,A5,Daily!$C:$C) -> 0.46666667 | E5: =IF(C5>0,D5/C5,0) -> 0.046666667 | F5: =SUMIFS(Purchases!$E:$E,Purchases!$G:$G,A5) -> 11.94 | G5: =IF(C5>0,F5/C5,0) -> 1.194
A6: 5 | B6: May | C6: =SUMIFS(Sessions!$I:$I,Sessions!$F:$F,A6) -> 9 | D6: =AVERAGEIF(Daily!$B:$B,A6,Daily!$C:$C) -> 0.38709677 | E6: =IF(C6>0,D6/C6,0) -> 0.043010753 | F6: =SUMIFS(Purchases!$E:$E,Purchases!$G:$G,A6) -> 1.98 | G6: =IF(C6>0,F6/C6,0) -> 0.22
A7: 6 | B7: Jun | C7: =SUMIFS(Sessions!$I:$I,Sessions!$F:$F,A7) -> 12 | D7: =AVERAGEIF(Daily!$B:$B,A7,Daily!$C:$C) -> 1.5666667 | E7: =IF(C7>0,D7/C7,0) -> 0.13055556 | F7: =SUMIFS(Purchases!$E:$E,Purchases!$G:$G,A7) -> 63.8 | G7: =IF(C7>0,F7/C7,0) -> 5.3166667
A8: 7 | B8: Jul | C8: =SUMIFS(Sessions!$I:$I,Sessions!$F:$F,A8) -> 15 | D8: =AVERAGEIF(Daily!$B:$B,A8,Daily!$C:$C) -> 2.1935484 | E8: =IF(C8>0,D8/C8,0) -> 0.14623656 | F8: =SUMIFS(Purchases!$E:$E,Purchases!$G:$G,A8) -> 169.68 | G8: =IF(C8>0,F8/C8,0) -> 11.312
A9: 8 | B9: Aug | C9: =SUMIFS(Sessions!$I:$I,Sessions!$F:$F,A9) -> 7 | D9: =AVERAGEIF(Daily!$B:$B,A9,Daily!$C:$C) -> 0.51612903 | E9: =IF(C9>0,D9/C9,0) -> 0.073732719 | F9: =SUMIFS(Purchases!$E:$E,Purchases!$G:$G,A9) -> 20.94 | G9: =IF(C9>0,F9/C9,0) -> 2.9914286
A10: 9 | B10: Sep | C10: =SUMIFS(Sessions!$I:$I,Sessions!$F:$F,A10) -> 7 | D10: =AVERAGEIF(Daily!$B:$B,A10,Daily!$C:$C) -> 0.76666667 | E10: =IF(C10>0,D10/C10,0) -> 0.10952381 | F10: =SUMIFS(Purchases!$E:$E,Purchases!$G:$G,A10) -> 14.93 | G10: =IF(C10>0,F10/C10,0) -> 2.1328571
A11: 10 | B11: Oct | C11: =SUMIFS(Sessions!$I:$I,Sessions!$F:$F,A11) -> 2 | D11: =AVERAGEIF(Daily!$B:$B,A11,Daily!$C:$C) -> 0.61290323 | E11: =IF(C11>0,D11/C11,0) -> 0.30645161 | F11: =SUMIFS(Purchases!$E:$E,Purchases!$G:$G,A11) -> 37.88 | G11: =IF(C11>0,F11/C11,0) -> 18.94
A12: 11 | B12: Nov | C12: =SUMIFS(Sessions!$I:$I,Sessions!$F:$F,A12) -> 12 | D12: =AVERAGEIF(Daily!$B:$B,A12,Daily!$C:$C) -> 1.4333333 | E12: =IF(C12>0,D12/C12,0) -> 0.11944444 | F12: =SUMIFS(Purchases!$E:$E,Purchases!$G:$G,A12) -> 27.86 | G12: =IF(C12>0,F12/C12,0) -> 2.3216667
A13: 12 | B13: Dec | C13: =SUMIFS(Sessions!$I:$I,Sessions!$F:$F,A13) -> 10 | D13: =AVERAGEIF(Daily!$B:$B,A13,Daily!$C:$C) -> 1.2580645 | E13: =IF(C13>0,D13/C13,0) -> 0.12580645 | F13: =SUMIFS(Purchases!$E:$E,Purchases!$G:$G,A13) -> 60.87 | G13: =IF(C13>0,F13/C13,0) -> 6.087

Sheet Daily
A1: Date | B1: Month | C1: DAU | D1: Sessions
A2: =DATE(2022,1,1) -> 44562 | B2: =MONTH(A2) -> 1 | C2: =SUMIFS(Sessions!$H:$H,Sessions!$E:$E,A2) -> 0 | D2: =COUNTIF(Sessions!$E:$E,A2) -> 0
A3: =A2+1 -> 44563 | B3: =MONTH(A3) -> 1 | C3: =SUMIFS(Sessions!$H:$H,Sessions!$E:$E,A3) -> 0 | D3: =COUNTIF(Sessions!$E:$E,A3) -> 0
A4: =A3+1 -> 44564 | B4: =MONTH(A4) -> 1 | C4: =SUMIFS(Sessions!$H:$H,Sessions!$E:$E,A4) -> 0 | D4: =COUNTIF(Sessions!$E:$E,A4) -> 0
A5: =A4+1 -> 44565 | B5: =MONTH(A5) -> 1 | C5: =SUMIFS(Sessions!$H:$H,Sessions!$E:$E,A5) -> 1 | D5: =COUNTIF(Sessions!$E:$E,A5) -> 1
A6: =A5+1 -> 44566 | B6: =MONTH(A6) -> 1 | C6: =SUMIFS(Sessions!$H:$H,Sessions!$E:$E,A6) -> 1 | D6: =COUNTIF(Sessions!$E:$E,A6) -> 6
A7: =A6+1 -> 44567 | B7: =MONTH(A7) -> 1 | C7: =SUMIFS(Sessions!$H:$H,Sessions!$E:$E,A7) -> 2 | D7: =COUNTIF(Sessions!$E:$E,A7) -> 3
A8: =A7+1 -> 44568 | B8: =MONTH(A8) -> 1 | C8: =SUMIFS(Sessions!$H:$H,Sessions!$E:$E,A8) -> 0 | D8: =COUNTIF(Sessions!$E:$E,A8) -> 0
A9: =A8+1 -> 44569 | B9: =MONTH(A9) -> 1 | C9: =SUMIFS(Sessions!$H:$H,Sessions!$E:$E,A9) -> 0 | D9: =COUNTIF(Sessions!$E:$E,A9) -> 0
A10: =A9+1 -> 44570 | B10: =MONTH(A10) -> 1 | C10: =SUMIFS(Sessions!$H:$H,Sessions!$E:$E,A10) -> 0 | D10: =COUNTIF(Sessions!$E:$E,A10) -> 0
A11: =A10+1 -> 44571 | B11: =MONTH(A11) -> 1 | C11: =SUMIFS(Sessions!$H:$H,Sessions!$E:$E,A11) -> 0 | D11: =COUNTIF(Sessions!$E:$E,A11) -> 0
A12: =A11+1 -> 44572 | B12: =MONTH(A12) -> 1 | C12: =SUMIFS(Sessions!$H:$H,Sessions!$E:$E,A12) -> 1 | D12: =COUNTIF(Sessions!$E:$E,A12) -> 1
A13: =A12+1 -> 44573 | B13: =MONTH(A13) -> 1 | C13: =SUMIFS(Sessions!$H:$H,Sessions!$E:$E,A13) -> 0 | D13: =COUNTIF(Sessions!$E:$E,A13) -> 0
A14: =A13+1 -> 44574 | B14: =MONTH(A14) -> 1 | C14: =SUMIFS(Sessions!$H:$H,Sessions!$E:$E,A14) -> 1 | D14: =COUNTIF(Sessions!$E:$E,A14) -> 2
... A366: =A365+1 -> 44926 | B366: =MONTH(A366) -> 12 | C366: =SUMIFS(Sessions!$H:$H,Sessions!$E:$E,A366) -> 1 | D366: =COUNTIF(Sessions!$E:$E,A366) -> 6

Sheet Groups
A1: Dimension | B1: Group | C1: Players | D1: Avg sessions | E1: Avg revenue (EUR) | F1: Paying players
A2: Gender | B2: A (<0.5) | C2: =COUNTIF(Users!$N$2:$N$101,B2) -> 56 | D2: =AVERAGEIF(Users!$N$2:$N$101,B2,Users!$H$2:$H$101) -> 10.321429 | E2: =AVERAGEIF(Users!$N$2:$N$101,B2,Users!$I$2:$I$101) -> 2.41875 | F2: =AVERAGEIF(Users!$N$2:$N$101,B2,Users!$J$2:$J$101) -> 0.5
A3: Gender | B3: B (>=0.5) | C3: =COUNTIF(Users!$N$2:$N$101,B3) -> 44 | D3: =AVERAGEIF(Users!$N$2:$N$101,B3,Users!$H$2:$H$101) -> 13.772727 | E3: =AVERAGEIF(Users!$N$2:$N$101,B3,Users!$I$2:$I$101) -> 6.6902273 | F3: =AVERAGEIF(Users!$N$2:$N$101,B3,Users!$J$2:$J$101) -> 0.5
A4: Age | B4: 12-24 | C4: =COUNTIF(Users!$O$2:$O$101,B4) -> 21 | D4: =AVERAGEIF(Users!$O$2:$O$101,B4,Users!$H$2:$H$101) -> 10.428571 | E4: =AVERAGEIF(Users!$O$2:$O$101,B4,Users!$I$2:$I$101) -> 3.6547619 | F4: =AVERAGEIF(Users!$O$2:$O$101,B4,Users!$J$2:$J$101) -> 0.61904762
A5: Age | B5: 25-44 | C5: =COUNTIF(Users!$O$2:$O$101,B5) -> 17 | D5: =AVERAGEIF(Users!$O$2:$O$101,B5,Users!$H$2:$H$101) -> 16.294118 | E5: =AVERAGEIF(Users!$O$2:$O$101,B5,Users!$I$2:$I$101) -> 4.5170588 | F5: =AVERAGEIF(Users!$O$2:$O$101,B5,Users!$J$2:$J$101) -> 0.52941176
A6: Age | B6: 45-64 | C6: =COUNTIF(Users!$O$2:$O$101,B6) -> 23 | D6: =AVERAGEIF(Users!$O$2:$O$101,B6,Users!$H$2:$H$101) -> 12.956522 | E6: =AVERAGEIF(Users!$O$2:$O$101,B6,Users!$I$2:$I$101) -> 5.3326087 | F6: =AVERAGEIF(Users!$O$2:$O$101,B6,Users!$J$2:$J$101) -> 0.47826087
A7: Age | B7: 65+ | C7: =COUNTIF(Users!$O$2:$O$101,B7) -> 39 | D7: =AVERAGEIF(Users!$O$2:$O$101,B7,Users!$H$2:$H$101) -> 10 | E7: =AVERAGEIF(Users!$O$2:$O$101,B7,Users!$I$2:$I$101) -> 3.9392308 | F7: =AVERAGEIF(Users!$O$2:$O$101,B7,Users!$J$2:$J$101) -> 0.43589744
A8: Country | B8: Austria | C8: =COUNTIF(Users!$C$2:$C$101,B8) -> 17 | D8: =AVERAGEIF(Users!$C$2:$C$101,B8,Users!$H$2:$H$101) -> 9.9411765 | E8: =AVERAGEIF(Users!$C$2:$C$101,B8,Users!$I$2:$I$101) -> 1.52 | F8: =AVERAGEIF(Users!$C$2:$C$101,B8,Users!$J$2:$J$101) -> 0.41176471
A9: Country | B9: Costa Rica | C9: =COUNTIF(Users!$C$2:$C$101,B9) -> 21 | D9: =AVERAGEIF(Users!$C$2:$C$101,B9,Users!$H$2:$H$101) -> 9.9047619 | E9: =AVERAGEIF(Users!$C$2:$C$101,B9,Users!$I$2:$I$101) -> 5.2290476 | F9: =AVERAGEIF(Users!$C$2:$C$101,B9,Users!$J$2:$J$101) -> 0.47619048
A10: Country | B10: Kenya | C10: =COUNTIF(Users!$C$2:$C$101,B10) -> 8 | D10: =AVERAGEIF(Users!$C$2:$C$101,B10,Users!$H$2:$H$101) -> 12.75 | E10: =AVERAGEIF(Users!$C$2:$C$101,B10,Users!$I$2:$I$101) -> 8.98375 | F10: =AVERAGEIF(Users!$C$2:$C$101,B10,Users!$J$2:$J$101) -> 0.625
A11: Country | B11: Mauritius | C11: =COUNTIF(Users!$C$2:$C$101,B11) -> 19 | D11: =AVERAGEIF(Users!$C$2:$C$101,B11,Users!$H$2:$H$101) -> 8.7894737 | E11: =AVERAGEIF(Users!$C$2:$C$101,B11,Users!$I$2:$I$101) -> 2.8363158 | F11: =AVERAGEIF(Users!$C$2:$C$101,B11,Users!$J$2:$J$101) -> 0.26315789
A12: Country | B12: Poland | C12: =COUNTIF(Users!$C$2:$C$101,B12) -> 20 | D12: =AVERAGEIF(Users!$C$2:$C$101,B12,Users!$H$2:$H$101) -> 19.6 | E12: =AVERAGEIF(Users!$C$2:$C$101,B12,Users!$I$2:$I$101) -> 7.2265 | F12: =AVERAGEIF(Users!$C$2:$C$101,B12,Users!$J$2:$J$101) -> 0.85
A13: Country | B13: Romania | C13: =COUNTIF(Users!$C$2:$C$101,B13) -> 15 | D13: =AVERAGEIF(Users!$C$2:$C$101,B13,Users!$H$2:$H$101) -> 9.7333333 | E13: =AVERAGEIF(Users!$C$2:$C$101,B13,Users!$I$2:$I$101) -> 1.592 | F13: =AVERAGEIF(Users!$C$2:$C$101,B13,Users!$J$2:$J$101) -> 0.4
A14: Start period | B14: Jan-May | C14: =COUNTIF(Users!$P$2:$P$101,B14) -> 45 | D14: =AVERAGEIF(Users!$P$2:$P$101,B14,Users!$H$2:$H$101) -> 2.9111111 | E14: =AVERAGEIF(Users!$P$2:$P$101,B14,Users!$I$2:$I$101) -> 0.75244444 | F14: =AVERAGEIF(Users!$P$2:$P$101,B14,Users!$J$2:$J$101) -> 0.26666667
A15: Start period | B15: Jun-Dec | C15: =COUNTIF(Users!$P$2:$P$101,B15) -> 55 | D15: =AVERAGEIF(Users!$P$2:$P$101,B15,Users!$H$2:$H$101) -> 19.145455 | E15: =AVERAGEIF(Users!$P$2:$P$101,B15,Users!$I$2:$I$101) -> 7.1992727 | F15: =AVERAGEIF(Users!$P$2:$P$101,B15,Users!$J$2:$J$101) -> 0.69090909

Sheet Users
A1: UserID | B1: Name | C1: Country | D1: Age | E1: Gender | F1: UserDate | G1: InstallDay | H1: Sessions | I1: Revenue | J1: Payer | K1: D1 | L1: D3 | M1: D7 | N1: GenderGroup | O1: AgeGroup | P1: StartPeriod | Q1: DX | R1: <- Number X
A2: 7 | B2: Isyssra | C2: Costa Rica | D2: 38 | E2: 0.0429273 | F2: 44594.278 | G2: =INT(F2) -> 44594 | H2: =COUNTIF(Sessions!$B:$B,A2) -> 1 | I2: =SUMIFS(Purchases!$E:$E,Purchases!$F:$F,A2) -> 0 | J2: =IF(I2>0,1,0) -> 0 | K2: =IF(COUNTIFS(Sessions!$B:$B,A2,Sessions!$E:$E,G2+1)>0,1,0) -> 0 | L2: =IF(COUNTIFS(Sessions!$B:$B,A2,Sessions!$E:$E,G2+3)>0,1,0) -> 0 | M2: =IF(COUNTIFS(Sessions!$B:$B,A2,Sessions!$E:$E,G2+7)>0,1,0) -> 0 | N2: =IF(E2<0.5,"A (<0.5)","B (>=0.5)") -> A (<0.5) | O2: =IF(D2<=24,"12-24",IF(D2<=44,"25-44",IF(D2<=64,"45-64","65+"))) -> 25-44 | P2: =IF(MONTH(F2)<6,"Jan-May","Jun-Dec") -> Jan-May | Q2: =IF(COUNTIFS(Sessions!$B:$B,A2,Sessions!$E:$E,G2+$R$2)>0,1,0) -> 0 | R2: 1
A3: 8 | B3: Xomirin | C3: Costa Rica | D3: 15 | E3: 0.774041 | F3: 44741.527 | G3: =INT(F3) -> 44741 | H3: =COUNTIF(Sessions!$B:$B,A3) -> 27 | I3: =SUMIFS(Purchases!$E:$E,Purchases!$F:$F,A3) -> 5.98 | J3: =IF(I3>0,1,0) -> 1 | K3: =IF(COUNTIFS(Sessions!$B:$B,A3,Sessions!$E:$E,G3+1)>0,1,0) -> 1 | L3: =IF(COUNTIFS(Sessions!$B:$B,A3,Sessions!$E:$E,G3+3)>0,1,0) -> 1 | M3: =IF(COUNTIFS(Sessions!$B:$B,A3,Sessions!$E:$E,G3+7)>0,1,0) -> 0 | N3: =IF(E3<0.5,"A (<0.5)","B (>=0.5)") -> B (>=0.5) | O3: =IF(D3<=24,"12-24",IF(D3<=44,"25-44",IF(D3<=64,"45-64","65+"))) -> 12-24 | P3: =IF(MONTH(F3)<6,"Jan-May","Jun-Dec") -> Jun-Dec | Q3: =IF(COUNTIFS(Sessions!$B:$B,A3,Sessions!$E:$E,G3+$R$2)>0,1,0) -> 1
A4: 9 | B4: Poresewen | C4: Mauritius | D4: 14 | E4: 0.98555 | F4: 44721.014 | G4: =INT(F4) -> 44721 | H4: =COUNTIF(Sessions!$B:$B,A4) -> 16 | I4: =SUMIFS(Purchases!$E:$E,Purchases!$F:$F,A4) -> 8.97 | J4: =IF(I4>0,1,0) -> 1 | K4: =IF(COUNTIFS(Sessions!$B:$B,A4,Sessions!$E:$E,G4+1)>0,1,0) -> 1 | L4: =IF(COUNTIFS(Sessions!$B:$B,A4,Sessions!$E:$E,G4+3)>0,1,0) -> 1 | M4: =IF(COUNTIFS(Sessions!$B:$B,A4,Sessions!$E:$E,G4+7)>0,1,0) -> 0 | N4: =IF(E4<0.5,"A (<0.5)","B (>=0.5)") -> B (>=0.5) | O4: =IF(D4<=24,"12-24",IF(D4<=44,"25-44",IF(D4<=64,"45-64","65+"))) -> 12-24 | P4: =IF(MONTH(F4)<6,"Jan-May","Jun-Dec") -> Jun-Dec | Q4: =IF(COUNTIFS(Sessions!$B:$B,A4,Sessions!$E:$E,G4+$R$2)>0,1,0) -> 1
A5: 10 | B5: Poraldamina | C5: Austria | D5: 73 | E5: 0.991247 | F5: 44628.62 | G5: =INT(F5) -> 44628 | H5: =COUNTIF(Sessions!$B:$B,A5) -> 3 | I5: =SUMIFS(Purchases!$E:$E,Purchases!$F:$F,A5) -> 0 | J5: =IF(I5>0,1,0) -> 0 | K5: =IF(COUNTIFS(Sessions!$B:$B,A5,Sessions!$E:$E,G5+1)>0,1,0) -> 1 | L5: =IF(COUNTIFS(Sessions!$B:$B,A5,Sessions!$E:$E,G5+3)>0,1,0) -> 0 | M5: =IF(COUNTIFS(Sessions!$B:$B,A5,Sessions!$E:$E,G5+7)>0,1,0) -> 0 | N5: =IF(E5<0.5,"A (<0.5)","B (>=0.5)") -> B (>=0.5) | O5: =IF(D5<=24,"12-24",IF(D5<=44,"25-44",IF(D5<=64,"45-64","65+"))) -> 65+ | P5: =IF(MONTH(F5)<6,"Jan-May","Jun-Dec") -> Jan-May | Q5: =IF(COUNTIFS(Sessions!$B:$B,A5,Sessions!$E:$E,G5+$R$2)>0,1,0) -> 1
A6: 11 | B6: Betheldalle | C6: Poland | D6: 23 | E6: 0.402055 | F6: 44923.631 | G6: =INT(F6) -> 44923 | H6: =COUNTIF(Sessions!$B:$B,A6) -> 7 | I6: =SUMIFS(Purchases!$E:$E,Purchases!$F:$F,A6) -> 1.98 | J6: =IF(I6>0,1,0) -> 1 | K6: =IF(COUNTIFS(Sessions!$B:$B,A6,Sessions!$E:$E,G6+1)>0,1,0) -> 1 | L6: =IF(COUNTIFS(Sessions!$B:$B,A6,Sessions!$E:$E,G6+3)>0,1,0) -> 0 | M6: =IF(COUNTIFS(Sessions!$B:$B,A6,Sessions!$E:$E,G6+7)>0,1,0) -> 0 | N6: =IF(E6<0.5,"A (<0.5)","B (>=0.5)") -> A (<0.5) | O6: =IF(D6<=24,"12-24",IF(D6<=44,"25-44",IF(D6<=64,"45-64","65+"))) -> 12-24 | P6: =IF(MONTH(F6)<6,"Jan-May","Jun-Dec") -> Jun-Dec | Q6: =IF(COUNTIFS(Sessions!$B:$B,A6,Sessions!$E:$E,G6+$R$2)>0,1,0) -> 1
A7: 12 | B7: Lisudarin | C7: Romania | D7: 18 | E7: 0.972422 | F7: 44733.647 | G7: =INT(F7) -> 44733 | H7: =COUNTIF(Sessions!$B:$B,A7) -> 7 | I7: =SUMIFS(Purchases!$E:$E,Purchases!$F:$F,A7) -> 0.99 | J7: =IF(I7>0,1,0) -> 1 | K7: =IF(COUNTIFS(Sessions!$B:$B,A7,Sessions!$E:$E,G7+1)>0,1,0) -> 1 | L7: =IF(COUNTIFS(Sessions!$B:$B,A7,Sessions!$E:$E,G7+3)>0,1,0) -> 0 | M7: =IF(COUNTIFS(Sessions!$B:$B,A7,Sessions!$E:$E,G7+7)>0,1,0) -> 0 | N7: =IF(E7<0.5,"A (<0.5)","B (>=0.5)") -> B (>=0.5) | O7: =IF(D7<=24,"12-24",IF(D7<=44,"25-44",IF(D7<=64,"45-64","65+"))) -> 12-24 | P7: =IF(MONTH(F7)<6,"Jan-May","Jun-Dec") -> Jun-Dec | Q7: =IF(COUNTIFS(Sessions!$B:$B,A7,Sessions!$E:$E,G7+$R$2)>0,1,0) -> 1
A8: 13 | B8: Islararin | C8: Costa Rica | D8: 83 | E8: 0.776001 | F8: 44868.36 | G8: =INT(F8) -> 44868 | H8: =COUNTIF(Sessions!$B:$B,A8) -> 1 | I8: =SUMIFS(Purchases!$E:$E,Purchases!$F:$F,A8) -> 0 | J8: =IF(I8>0,1,0) -> 0 | K8: =IF(COUNTIFS(Sessions!$B:$B,A8,Sessions!$E:$E,G8+1)>0,1,0) -> 0 | L8: =IF(COUNTIFS(Sessions!$B:$B,A8,Sessions!$E:$E,G8+3)>0,1,0) -> 0 | M8: =IF(COUNTIFS(Sessions!$B:$B,A8,Sessions!$E:$E,G8+7)>0,1,0) -> 0 | N8: =IF(E8<0.5,"A (<0.5)","B (>=0.5)") -> B (>=0.5) | O8: =IF(D8<=24,"12-24",IF(D8<=44,"25-44",IF(D8<=64,"45-64","65+"))) -> 65+ | P8: =IF(MONTH(F8)<6,"Jan-May","Jun-Dec") -> Jun-Dec | Q8: =IF(COUNTIFS(Sessions!$B:$B,A8,Sessions!$E:$E,G8+$R$2)>0,1,0) -> 0
A9: 14 | B9: Aerithra | C9: Costa Rica | D9: 96 | E9: 0.968812 | F9: 44567.979 | G9: =INT(F9) -> 44567 | H9: =COUNTIF(Sessions!$B:$B,A9) -> 1 | I9: =SUMIFS(Purchases!$E:$E,Purchases!$F:$F,A9) -> 0 | J9: =IF(I9>0,1,0) -> 0 | K9: =IF(COUNTIFS(Sessions!$B:$B,A9,Sessions!$E:$E,G9+1)>0,1,0) -> 0 | L9: =IF(COUNTIFS(Sessions!$B:$B,A9,Sessions!$E:$E,G9+3)>0,1,0) -> 0 | M9: =IF(COUNTIFS(Sessions!$B:$B,A9,Sessions!$E:$E,G9+7)>0,1,0) -> 0 | N9: =IF(E9<0.5,"A (<0.5)","B (>=0.5)") -> B (>=0.5) | O9: =IF(D9<=24,"12-24",IF(D9<=44,"25-44",IF(D9<=64,"45-64","65+"))) -> 65+ | P9: =IF(MONTH(F9)<6,"Jan-May","Jun-Dec") -> Jan-May | Q9: =IF(COUNTIFS(Sessions!$B:$B,A9,Sessions!$E:$E,G9+$R$2)>0,1,0) -> 0
A10: 15 | B10: Adotta | C10: Austria | D10: 58 | E10: 0.484726 | F10: 44572.429 | G10: =INT(F10) -> 44572 | H10: =COUNTIF(Sessions!$B:$B,A10) -> 1 | I10: =SUMIFS(Purchases!$E:$E,Purchases!$F:$F,A10) -> 0 | J10: =IF(I10>0,1,0) -> 0 | K10: =IF(COUNTIFS(Sessions!$B:$B,A10,Sessions!$E:$E,G10+1)>0,1,0) -> 0 | L10: =IF(COUNTIFS(Sessions!$B:$B,A10,Sessions!$E:$E,G10+3)>0,1,0) -> 0 | M10: =IF(COUNTIFS(Sessions!$B:$B,A10,Sessions!$E:$E,G10+7)>0,1,0) -> 0 | N10: =IF(E10<0.5,"A (<0.5)","B (>=0.5)") -> A (<0.5) | O10: =IF(D10<=24,"12-24",IF(D10<=44,"25-44",IF(D10<=64,"45-64","65+"))) -> 45-64 | P10: =IF(MONTH(F10)<6,"Jan-May","Jun-Dec") -> Jan-May | Q10: =IF(COUNTIFS(Sessions!$B:$B,A10,Sessions!$E:$E,G10+$R$2)>0,1,0) -> 0
A11: 16 | B11: Aryma | C11: Austria | D11: 45 | E11: 0.517437 | F11: 44886.011 | G11: =INT(F11) -> 44886 | H11: =COUNTIF(Sessions!$B:$B,A11) -> 7 | I11: =SUMIFS(Purchases!$E:$E,Purchases!$F:$F,A11) -> 0 | J11: =IF(I11>0,1,0) -> 0 | K11: =IF(COUNTIFS(Sessions!$B:$B,A11,Sessions!$E:$E,G11+1)>0,1,0) -> 1 | L11: =IF(COUNTIFS(Sessions!$B:$B,A11,Sessions!$E:$E,G11+3)>0,1,0) -> 0 | M11: =IF(COUNTIFS(Sessions!$B:$B,A11,Sessions!$E:$E,G11+7)>0,1,0) -> 0 | N11: =IF(E11<0.5,"A (<0.5)","B (>=0.5)") -> B (>=0.5) | O11: =IF(D11<=24,"12-24",IF(D11<=44,"25-44",IF(D11<=64,"45-64","65+"))) -> 45-64 | P11: =IF(MONTH(F11)<6,"Jan-May","Jun-Dec") -> Jun-Dec | Q11: =IF(COUNTIFS(Sessions!$B:$B,A11,Sessions!$E:$E,G11+$R$2)>0,1,0) -> 1
A12: 17 | B12: Betharetta | C12: Romania | D12: 70 | E12: 0.139744 | F12: 44629.855 | G12: =INT(F12) -> 44629 | H12: =COUNTIF(Sessions!$B:$B,A12) -> 1 | I12: =SUMIFS(Purchases!$E:$E,Purchases!$F:$F,A12) -> 0 | J12: =IF(I12>0,1,0) -> 0 | K12: =IF(COUNTIFS(Sessions!$B:$B,A12,Sessions!$E:$E,G12+1)>0,1,0) -> 0 | L12: =IF(COUNTIFS(Sessions!$B:$B,A12,Sessions!$E:$E,G12+3)>0,1,0) -> 0 | M12: =IF(COUNTIFS(Sessions!$B:$B,A12,Sessions!$E:$E,G12+7)>0,1,0) -> 0 | N12: =IF(E12<0.5,"A (<0.5)","B (>=0.5)") -> A (<0.5) | O12: =IF(D12<=24,"12-24",IF(D12<=44,"25-44",IF(D12<=64,"45-64","65+"))) -> 65+ | P12: =IF(MONTH(F12)<6,"Jan-May","Jun-Dec") -> Jan-May | Q12: =IF(COUNTIFS(Sessions!$B:$B,A12,Sessions!$E:$E,G12+$R$2)>0,1,0) -> 0
A13: 18 | B13: Betiwyn | C13: Poland | D13: 27 | E13: 0.0473918 | F13: 44741.96 | G13: =INT(F13) -> 44741 | H13: =COUNTIF(Sessions!$B:$B,A13) -> 4 | I13: =SUMIFS(Purchases!$E:$E,Purchases!$F:$F,A13) -> 0 | J13: =IF(I13>0,1,0) -> 0 | K13: =IF(COUNTIFS(Sessions!$B:$B,A13,Sessions!$E:$E,G13+1)>0,1,0) -> 1 | L13: =IF(COUNTIFS(Sessions!$B:$B,A13,Sessions!$E:$E,G13+3)>0,1,0) -> 0 | M13: =IF(COUNTIFS(Sessions!$B:$B,A13,Sessions!$E:$E,G13+7)>0,1,0) -> 0 | N13: =IF(E13<0.5,"A (<0.5)","B (>=0.5)") -> A (<0.5) | O13: =IF(D13<=24,"12-24",IF(D13<=44,"25-44",IF(D13<=64,"45-64","65+"))) -> 25-44 | P13: =IF(MONTH(F13)<6,"Jan-May","Jun-Dec") -> Jun-Dec | Q13: =IF(COUNTIFS(Sessions!$B:$B,A13,Sessions!$E:$E,G13+$R$2)>0,1,0) -> 1
A14: 19 | B14: Eilininne | C14: Poland | D14: 37 | E14: 0.478277 | F14: 44885.847 | G14: =INT(F14) -> 44885 | H14: =COUNTIF(Sessions!$B:$B,A14) -> 23 | I14: =SUMIFS(Purchases!$E:$E,Purchases!$F:$F,A14) -> 5.98 | J14: =IF(I14>0,1,0) -> 1 | K14: =IF(COUNTIFS(Sessions!$B:$B,A14,Sessions!$E:$E,G14+1)>0,1,0) -> 1 | L14: =IF(COUNTIFS(Sessions!$B:$B,A14,Sessions!$E:$E,G14+3)>0,1,0) -> 1 | M14: =IF(COUNTIFS(Sessions!$B:$B,A14,Sessions!$E:$E,G14+7)>0,1,0) -> 0 | N14: =IF(E14<0.5,"A (<0.5)","B (>=0.5)") -> A (<0.5) | O14: =IF(D14<=24,"12-24",IF(D14<=44,"25-44",IF(D14<=64,"45-64","65+"))) -> 25-44 | P14: =IF(MONTH(F14)<6,"Jan-May","Jun-Dec") -> Jun-Dec | Q14: =IF(COUNTIFS(Sessions!$B:$B,A14,Sessions!$E:$E,G14+$R$2)>0,1,0) -> 1
... A101: 106 | B101: Zubura | C101: Mauritius | D101: 74 | E101: 0.567382 | F101: 44617.913 | G101: =INT(F101) -> 44617 | H101: =COUNTIF(Sessions!$B:$B,A101) -> 2 | I101: =SUMIFS(Purchases!$E:$E,Purchases!$F:$F,A101) -> 0 | J101: =IF(I101>0,1,0) -> 0 | K101: =IF(COUNTIFS(Sessions!$B:$B,A101,Sessions!$E:$E,G101+1)>0,1,0) -> 0 | L101: =IF(COUNTIFS(Sessions!$B:$B,A101,Sessions!$E:$E,G101+3)>0,1,0) -> 0 | M101: =IF(COUNTIFS(Sessions!$B:$B,A101,Sessions!$E:$E,G101+7)>0,1,0) -> 0 | N101: =IF(E101<0.5,"A (<0.5)","B (>=0.5)") -> B (>=0.5) | O101: =IF(D101<=24,"12-24",IF(D101<=44,"25-44",IF(D101<=64,"45-64","65+"))) -> 65+ | P101: =IF(MONTH(F101)<6,"Jan-May","Jun-Dec") -> Jan-May | Q101: =IF(COUNTIFS(Sessions!$B:$B,A101,Sessions!$E:$E,G101+$R$2)>0,1,0) -> 0

Sheet Sessions
A1: SessionID | B1: UserID | C1: Start | D1: End | E1: Day | F1: Month | G1: Length (min) | H1: PlayedThisDay? | I1: PlayedThisMonth?
A2: 12 | B2: 7 | C2: 44594.278 | D2: 44594.286 | E2: =INT(C2) -> 44594 | F2: =MONTH(C2) -> 2 | G2: =(D2-C2)*1440 -> 11.666667 | H2: =IF(COUNTIFS(B$2:B2,B2,E$2:E2,E2)=1,1,0) -> 1 | I2: =IF(COUNTIFS(B$2:B2,B2,F$2:F2,F2)=1,1,0) -> 1
A3: 13 | B3: 8 | C3: 44741.527 | D3: 44741.531 | E3: =INT(C3) -> 44741 | F3: =MONTH(C3) -> 6 | G3: =(D3-C3)*1440 -> 6.4166667 | H3: =IF(COUNTIFS(B$2:B3,B3,E$2:E3,E3)=1,1,0) -> 1 | I3: =IF(COUNTIFS(B$2:B3,B3,F$2:F3,F3)=1,1,0) -> 1
A4: 14 | B4: 8 | C4: 44741.706 | D4: 44741.713 | E4: =INT(C4) -> 44741 | F4: =MONTH(C4) -> 6 | G4: =(D4-C4)*1440 -> 10.733333 | H4: =IF(COUNTIFS(B$2:B4,B4,E$2:E4,E4)=1,1,0) -> 0 | I4: =IF(COUNTIFS(B$2:B4,B4,F$2:F4,F4)=1,1,0) -> 0
A5: 15 | B5: 8 | C5: 44741.827 | D5: 44741.829 | E5: =INT(C5) -> 44741 | F5: =MONTH(C5) -> 6 | G5: =(D5-C5)*1440 -> 3.4333333 | H5: =IF(COUNTIFS(B$2:B5,B5,E$2:E5,E5)=1,1,0) -> 0 | I5: =IF(COUNTIFS(B$2:B5,B5,F$2:F5,F5)=1,1,0) -> 0
A6: 16 | B6: 8 | C6: 44742.073 | D6: 44742.083 | E6: =INT(C6) -> 44742 | F6: =MONTH(C6) -> 6 | G6: =(D6-C6)*1440 -> 15.45 | H6: =IF(COUNTIFS(B$2:B6,B6,E$2:E6,E6)=1,1,0) -> 1 | I6: =IF(COUNTIFS(B$2:B6,B6,F$2:F6,F6)=1,1,0) -> 0
A7: 17 | B7: 8 | C7: 44742.273 | D7: 44742.281 | E7: =INT(C7) -> 44742 | F7: =MONTH(C7) -> 6 | G7: =(D7-C7)*1440 -> 10.933333 | H7: =IF(COUNTIFS(B$2:B7,B7,E$2:E7,E7)=1,1,0) -> 0 | I7: =IF(COUNTIFS(B$2:B7,B7,F$2:F7,F7)=1,1,0) -> 0
A8: 18 | B8: 8 | C8: 44742.355 | D8: 44742.356 | E8: =INT(C8) -> 44742 | F8: =MONTH(C8) -> 6 | G8: =(D8-C8)*1440 -> 1.95 | H8: =IF(COUNTIFS(B$2:B8,B8,E$2:E8,E8)=1,1,0) -> 0 | I8: =IF(COUNTIFS(B$2:B8,B8,F$2:F8,F8)=1,1,0) -> 0
A9: 19 | B9: 8 | C9: 44742.424 | D9: 44742.427 | E9: =INT(C9) -> 44742 | F9: =MONTH(C9) -> 6 | G9: =(D9-C9)*1440 -> 3.5 | H9: =IF(COUNTIFS(B$2:B9,B9,E$2:E9,E9)=1,1,0) -> 0 | I9: =IF(COUNTIFS(B$2:B9,B9,F$2:F9,F9)=1,1,0) -> 0
A10: 20 | B10: 8 | C10: 44742.496 | D10: 44742.504 | E10: =INT(C10) -> 44742 | F10: =MONTH(C10) -> 6 | G10: =(D10-C10)*1440 -> 11.183333 | H10: =IF(COUNTIFS(B$2:B10,B10,E$2:E10,E10)=1,1,0) -> 0 | I10: =IF(COUNTIFS(B$2:B10,B10,F$2:F10,F10)=1,1,0) -> 0
A11: 21 | B11: 8 | C11: 44742.766 | D11: 44742.772 | E11: =INT(C11) -> 44742 | F11: =MONTH(C11) -> 6 | G11: =(D11-C11)*1440 -> 8.6166667 | H11: =IF(COUNTIFS(B$2:B11,B11,E$2:E11,E11)=1,1,0) -> 0 | I11: =IF(COUNTIFS(B$2:B11,B11,F$2:F11,F11)=1,1,0) -> 0
A12: 22 | B12: 8 | C12: 44742.998 | D12: 44743.005 | E12: =INT(C12) -> 44742 | F12: =MONTH(C12) -> 6 | G12: =(D12-C12)*1440 -> 9.2833333 | H12: =IF(COUNTIFS(B$2:B12,B12,E$2:E12,E12)=1,1,0) -> 0 | I12: =IF(COUNTIFS(B$2:B12,B12,F$2:F12,F12)=1,1,0) -> 0
A13: 23 | B13: 8 | C13: 44743.126 | D13: 44743.136 | E13: =INT(C13) -> 44743 | F13: =MONTH(C13) -> 7 | G13: =(D13-C13)*1440 -> 14.533333 | H13: =IF(COUNTIFS(B$2:B13,B13,E$2:E13,E13)=1,1,0) -> 1 | I13: =IF(COUNTIFS(B$2:B13,B13,F$2:F13,F13)=1,1,0) -> 1
... A1185: 1195 | B1185: 106 | C1185: 44617.996 | D1185: 44618 | E1185: =INT(C1185) -> 44617 | F1185: =MONTH(C1185) -> 2 | G1185: =(D1185-C1185)*1440 -> 6 | H1185: =IF(COUNTIFS(B$2:B1185,B1185,E$2:E1185,E1185)=1,1,0) -> 0 | I1185: =IF(COUNTIFS(B$2:B1185,B1185,F$2:F1185,F1185)=1,1,0) -> 0

Sheet Purchases
A1: PurchaseID | B1: ItemID | C1: Date | D1: SessionID | E1: Price | F1: UserID | G1: Month
A2: 19 | B2: 3 | C2: 44744.381 | D2: 29 | E2: =VLOOKUP(B2,Items!$A:$B,2,FALSE) -> 4.99 | F2: =VLOOKUP(D2,Sessions!$A:$B,2,FALSE) -> 8 | G2: =MONTH(C2) -> 7
A3: 20 | B3: 1 | C3: 44745.922 | D3: 38 | E3: =VLOOKUP(B3,Items!$A:$B,2,FALSE) -> 0.99 | F3: =VLOOKUP(D3,Sessions!$A:$B,2,FALSE) -> 8 | G3: =MONTH(C3) -> 7
A4: 21 | B4: 1 | C4: 44721.015 | D4: 40 | E4: =VLOOKUP(B4,Items!$A:$B,2,FALSE) -> 0.99 | F4: =VLOOKUP(D4,Sessions!$A:$B,2,FALSE) -> 9 | G4: =MONTH(C4) -> 6
A5: 22 | B5: 3 | C5: 44722.338 | D5: 46 | E5: =VLOOKUP(B5,Items!$A:$B,2,FALSE) -> 4.99 | F5: =VLOOKUP(D5,Sessions!$A:$B,2,FALSE) -> 9 | G5: =MONTH(C5) -> 6
A6: 23 | B6: 2 | C6: 44723.694 | D6: 52 | E6: =VLOOKUP(B6,Items!$A:$B,2,FALSE) -> 2.99 | F6: =VLOOKUP(D6,Sessions!$A:$B,2,FALSE) -> 9 | G6: =MONTH(C6) -> 6
A7: 24 | B7: 1 | C7: 44924.345 | D7: 62 | E7: =VLOOKUP(B7,Items!$A:$B,2,FALSE) -> 0.99 | F7: =VLOOKUP(D7,Sessions!$A:$B,2,FALSE) -> 11 | G7: =MONTH(C7) -> 12
A8: 25 | B8: 1 | C8: 44924.528 | D8: 63 | E8: =VLOOKUP(B8,Items!$A:$B,2,FALSE) -> 0.99 | F8: =VLOOKUP(D8,Sessions!$A:$B,2,FALSE) -> 11 | G8: =MONTH(C8) -> 12
A9: 26 | B9: 1 | C9: 44733.649 | D9: 66 | E9: =VLOOKUP(B9,Items!$A:$B,2,FALSE) -> 0.99 | F9: =VLOOKUP(D9,Sessions!$A:$B,2,FALSE) -> 12 | G9: =MONTH(C9) -> 6
A10: 27 | B10: 2 | C10: 44887.814 | D10: 98 | E10: =VLOOKUP(B10,Items!$A:$B,2,FALSE) -> 2.99 | F10: =VLOOKUP(D10,Sessions!$A:$B,2,FALSE) -> 19 | G10: =MONTH(C10) -> 11
A11: 28 | B11: 2 | C11: 44888.293 | D11: 100 | E11: =VLOOKUP(B11,Items!$A:$B,2,FALSE) -> 2.99 | F11: =VLOOKUP(D11,Sessions!$A:$B,2,FALSE) -> 19 | G11: =MONTH(C11) -> 11
A12: 29 | B12: 1 | C12: 44750.833 | D12: 115 | E12: =VLOOKUP(B12,Items!$A:$B,2,FALSE) -> 0.99 | F12: =VLOOKUP(D12,Sessions!$A:$B,2,FALSE) -> 20 | G12: =MONTH(C12) -> 7
A13: 30 | B13: 1 | C13: 44751.446 | D13: 120 | E13: =VLOOKUP(B13,Items!$A:$B,2,FALSE) -> 0.99 | F13: =VLOOKUP(D13,Sessions!$A:$B,2,FALSE) -> 20 | G13: =MONTH(C13) -> 7
... A119: 136 | B119: 1 | C119: 44875.31 | D119: 1186 | E119: =VLOOKUP(B119,Items!$A:$B,2,FALSE) -> 0.99 | F119: =VLOOKUP(D119,Sessions!$A:$B,2,FALSE) -> 103 | G119: =MONTH(C119) -> 11

Sheet Items
A1: ItemID | B1: Price
A2: 1 | B2: 0.99
A3: 2 | B3: 2.99
A4: 3 | B4: 4.99
A5: 4 | B5: 49.99
A6: 5 | B6: 9.99
